{  
   "mouse":[  
      {  
         "name":"RAZER Naga Epic Chroma Gaming Mouses",
         "stock":"In Stock",
         "price":200,
         "info":"19 MMO optimized programmable buttons1ndkfgeogoreho,12-button mechanical thumb grid,Tilt-click scroll wheelWireless gaming-grade technology, Charging dock",
         "shippedBy":"",
         "imageURL":"./img/mouse/xyz.png",
         "images":["./img/mouse/abc.png","./img/mouse/abc2.png"]
      },
      {  
         "name":"Razer Mamba Chroma Gaming Mouse ",
         "stock":"In Stock",
         "price":200,
         "info":"Both USB Wired & Wireless with Charging Dock,16,000 dpi 5G Laser Sensor,9 Programmable Buttons, including tilt,Click Force the ability to adjust the click feeling Wireless, wired either available,Battery endurance of 20 hours during normal use,Tilt-Click Scroll Wheel,16.8 Million-Color Chroma Lighting,Ergonomic Right-Handed Design,1 ms Response Time,Textured Rubber Side Grips,Compatible with Windows and Mac Systems",
          "shippedBy":"",
         "imageURL":"./img/mouse/Razer Mamba Chroma Gaming Mouse .jpg",
          "images":["./img/keyboards/abc1.png","./img/keyboards/abc2.png"]
      },
      {  
         "name":"SteelSeries Rival 700 Gaming Mouse, OLED Display, Tactile Alerts, 16000 CPI, Multicolor",
         "stock":"In Stock",
         "price":200,
         "info":"Vivid onboard OLED display,Tactile alerts let you feel the game,Ergonomics built for every grip style,Prism RGB illumination,Modular cables, top covers, and sensors",
          "shippedBy":"",
         "imageURL":"./img/mouse/SteelSeries Rival 700 Gaming Mouse.jpg",
          "images":["./img/keyboards/abc1.png","./img/keyboards/abc2.png"]
      },
      {  
         "name":"Razer Naga Hex V2 - Multi-color MOBA Gaming mouse",
         "stock":"In Stock",
         "price":200,
         "info":"adf",
         "shippedBy":"",
         "imageURL":"./img/mouse/xyz.png",
          "images":["./img/keyboards/abc1.png","./img/keyboards/abc2.png"]
      },
      {  
         "name":"SteelSeries Rival 300 Gaming Mouse - Black",
         "stock":"In Stock",
         "price":200,
         "info":"adf",
          "shippedBy":"",
         "imageURL":"./img/mouse/xyz.png",
          "images":["./img/keyboards/abc1.png","./img/keyboards/abc2.png"]
      },
      {  
         "name":"G.SKILL RIPJAWS MX780 USB Wired RGB Laser Gaming Mouse",
         "stock":"In Stock",
         "price":200,
         "info":"adf",
          "shippedBy":"",
         "imageURL":"./img/mouse/xyz.png",
          "images":["./img/keyboards/abc1.png","./img/keyboards/abc2.png"]
      },
      {  
         "name":"SteelSeries Rival 100 Optical Gaming Mouse - Black",
         "stock":"In Stock",
         "price":200,
         "info":"adf",
          "shippedBy":"",
         "imageURL":"./img/mouse/xyz.png",
          "images":["./img/keyboards/abc1.png","./img/keyboards/abc2.png"]
      },
      {  
         "name":"Razer Naga Chroma - Multi-color MMO Gaming Mouse",
         "stock":"In Stock",
         "price":200,
         "info":"adf",
          "shippedBy":"",
         "imageURL":"./img/mouse/xyz.png",
          "images":["./img/keyboards/abc1.png","./img/keyboards/abc2.png"]
      },
      {  
         "name":"RAZER Mamba Tournament Edition Chroma Gaming Mouse",
         "stock":"In Stock",
         "price":200,
         "info":"adf",
          "shippedBy":"",
         "imageURL":"./img/mouse/xyz.png",
          "images":["./img/keyboards/abc1.png","./img/keyboards/abc2.png"]
      },
      {  
         "name":"RAZER DeathAdder Chroma USB Gaming Mouse",
         "stock":"In Stock",
         "price":200,
         "info":"adf",
          "shippedBy":"",
         "imageURL":"./img/mouse/xyz.png",
          "images":["./img/keyboards/abc1.png","./img/keyboards/abc2.png"]
      },
      {  
         "name":"Xornet II Optical Precision Gaming Mouse with Full RGB Lighting, Customizable Buttons and Optimized for Claw Grip Users By Cooler Master",
         "stock":"In Stock",
         "price":200,
         "info":"adf",
          "shippedBy":"",
         "imageURL":"./img/mouse/xyz.png",
          "images":["./img/keyboards/abc1.png","./img/keyboards/abc2.png"]
      },
      {  
         "name":"RAZER Taipan USB Gaming Mouse - Black",
         "stock":"In Stock",
         "price":200,
         "info":"adf",
          "shippedBy":"",
         "imageURL":"./img/mouse/xyz.png",
          "images":["./img/keyboards/abc1.png","./img/keyboards/abc2.png"]
      },
      {  
         "name":"CM Storm Mizar - Ergonomic Laser Gaming Mouse with 7 Programmable Buttons and Dedicated DPI On-The-Fly",
         "stock":"In Stock",
         "price":200,
         "info":"adf",
          "shippedBy":"",
         "imageURL":"./img/mouse/xyz.png",
          "images":["./img/keyboards/abc1.png","./img/keyboards/abc2.png"]
      },
      {  
         "name":"SteelSeries Sensei RAW 62155 Rubberized Black 8 Buttons 1 x Wheel USB Wired Laser 5670 dpi Gaming Mouse",
         "stock":"In Stock",
         "price":200,
         "info":"adf",
         "shippedBy":"",
         "imageURL":"./img/mouse/xyz.png",
          "images":["./img/keyboards/abc1.png","./img/keyboards/abc2.png"]
      },
      {  
         "name":"Razer Abyssus '14 Essential Ambidextrous Gaming Mouse",
         "stock":"In Stock",
         "price":200,
         "info":"adf",
         "shippedBy":"",
         "imageURL":"./img/mouse/xyz.png",
          "images":["./img/keyboards/abc1.png","./img/keyboards/abc2.png"]
      },
      {  
         "name":"RAZER Overwatch Razer DeathAdder Chroma Gaming Mouse",
         "stock":"In Stock",
         "price":200,
         "info":"adf",
         "shippedBy":"",
         "imageURL":"./img/mouse/xyz.png",
          "images":["./img/keyboards/abc1.png","./img/keyboards/abc2.png"]
      },
      {  
         "name":"Razer Naga Hex - Expert MOBA/Action-RPG PC Laser Gaming Mouse - Wraith Red",
         "stock":"In Stock",
         "price":200,
         "info":"adf",
         "shippedBy":"",
         "imageURL":"./img/mouse/xyz.png",
          "images":["./img/keyboards/abc1.png","./img/keyboards/abc2.png"]
      },
      {  
         "name":"MasterMouse Pro L Ambidextrous Gaming Mouse with Interchangeable Grips",
         "stock":"In Stock",
         "price":200,
         "info":"adf",
          "shippedBy":"",
         "imageURL":"./img/mouse/xyz.png",
          "images":["./img/keyboards/abc1.png","./img/keyboards/abc2.png"]
      },
      {  
         "name":"RAZER DeathAdder USB Wired Gaming Mouse - Left-Hand Edition",
         "stock":"In Stock",
         "price":200,
         "info":"adf",
          "shippedBy":"",
         "imageURL":"./img/mouse/xyz.png",
          "images":["./img/keyboards/abc1.png","./img/keyboards/abc2.png"]
      },
      { 
         "name":"RAZER Ouroboros Gaming Mouse",
         "stock":"In Stock",
         "price":200,
         "info":"adf",
          "shippedBy":"",
         "imageURL":"./img/mouse/xyz.png",
          "images":["./img/keyboards/abc1.png","./img/keyboards/abc2.png"]
      },
      {  
         "name":"SteelSeries Rival 100 Optical Gaming Mouse - White",
         "stock":"In Stock",
         "price":200,
         "info":"adf",
          "shippedBy":"",
         "imageURL":"./img/mouse/xyz.png",
          "images":["./img/keyboards/abc1.png","./img/keyboards/abc2.png"]
      },
      {  
         "name":"GAMDIAS Zeus GMS1100 Laser Unique Side Grip Calibration MMO RPG Gaming Mouse, 9 Programmable Buttons, 8200 DPI for PC, Adjustable Weight System",
         "stock":"In Stock",
         "price":200,
         "info":"adf",
          "shippedBy":"",
         "imageURL":"./img/mouse/xyz.png",
          "images":["./img/keyboards/abc1.png","./img/keyboards/abc2.png"]
      },
      {  
         "name":"COOLER MASTER Sentinel III SGM-6020-KLOW1 Black 8 Buttons 1 x Wheel USB 2.0 Wired Optical 6400 dpi Gaming Mouse",
         "stock":"In Stock",
         "price":200,
         "info":"adf",
          "shippedBy":"",
         "imageURL":"./img/mouse/xyz.png",
          "images":["./img/keyboards/abc1.png","./img/keyboards/abc2.png"]
      },
      {  
         "name":"SteelSeries Rival 100 Optical Gaming Mouse - Alchemy Gold",
         "stock":"In Stock",
         "price":200,
         "info":"adf",
         "imageURL":"./img/mouse/xyz.png",
          "images":["./img/keyboards/abc1.png","./img/keyboards/abc2.png"]
      },
      {  
         "name":"SteelSeries Rival 300 Fallout 4 Edition 62352 Blue 6 Buttons 1 x Wheel Wired Optical Gaming Mice",
         "stock":"In Stock",
         "price":200,
         "info":"adf",
          "shippedBy":"",
         "imageURL":"./img/mouse/xyz.png",
          "images":["./img/keyboards/abc1.png","./img/keyboards/abc2.png"]
      },
      {  
         "name":"GAMDIAS Erebos GMS7500 Optical Gaming Mouse, 3 Set Adjustable Side Panels Weight System, 8 Buttons, 3500 DPI for PC",
         "stock":"In Stock",
         "price":200,
         "info":"adf",
          "shippedBy":"",
         "imageURL":"./img/mouse/xyz.png",
          "images":["./img/keyboards/abc1.png","./img/keyboards/abc2.png"]
      },
      {  
         "name":"GAMDIAS OUREA FPS GMS5501 6 Buttons 1 x Wheel USB Wired Optical 4000 dpi Gaming Mice",
         "stock":"In Stock",
         "price":200,
         "info":"adf",
          "shippedBy":"",
         "imageURL":"./img/mouse/xyz.png",
          "images":["./img/keyboards/abc1.png","./img/keyboards/abc2.png"]
      },
      {  
         "name":"RAZER Naga USB MMO Gaming Mouse - Left-Handed Edition",
         "stock":"In Stock",
         "price":200,
         "info":"adf",
          "shippedBy":"",
         "imageURL":"./img/mouse/xyz.png",
          "images":["./img/keyboards/abc1.png","./img/keyboards/abc2.png"]
      },
      {  
         "name":"SteelSeries Rival 500 MOBA/MMO Gaming Mouse, 15 buttons, Tactile Alerts, 16000 CPI, Multicolor",
         "stock":"In Stock",
         "price":200,
         "info":"adf",
          "shippedBy":"",
         "imageURL":"./img/mouse/xyz.png",
          "images":["./img/keyboards/abc1.png","./img/keyboards/abc2.png"]
      }
      
   ]
}